model,fold,feature,coefficient,abs_coefficient
M1_Elo_Striking,2011-2014,elo_difference,0.38095588948212344,0.38095588948212344
M1_Elo_Striking,2011-2014,sig_str_landed_per_fight_difference,0.2272620578082853,0.2272620578082853
M1_Elo_Striking,2011-2014,sig_str_attempted_per_fight_difference,0.04168538887646665,0.04168538887646665
M1_Elo_Striking,2011-2014,sig_str_pct_difference,0.024774640684103323,0.024774640684103323
M1_Elo_Striking,2011-2014,total_str_landed_per_fight_difference,0.17594820338737938,0.17594820338737938
M1_Elo_Striking,2011-2014,total_str_attempted_per_fight_difference,-0.25288100017498116,0.25288100017498116
M1_Elo_Striking,2011-2014,sig_str_landed_per_fight_difference__missing,0.016754480207816388,0.016754480207816388
M1_Elo_Striking,2011-2014,sig_str_attempted_per_fight_difference__missing,0.016754480207816388,0.016754480207816388
M1_Elo_Striking,2011-2014,sig_str_pct_difference__missing,-0.10465894685839525,0.10465894685839525
M1_Elo_Striking,2011-2014,total_str_landed_per_fight_difference__missing,0.016754480207815184,0.016754480207815184
M1_Elo_Striking,2011-2014,total_str_attempted_per_fight_difference__missing,0.016754480207815184,0.016754480207815184
M2_Elo_Grappling,2011-2014,elo_difference,0.40558638183448703,0.40558638183448703
M2_Elo_Grappling,2011-2014,takedowns_per_fight_difference,0.12981315462801002,0.12981315462801002
M2_Elo_Grappling,2011-2014,td_attempted_per_fight_difference,0.10072174174307207,0.10072174174307207
M2_Elo_Grappling,2011-2014,td_pct_difference,0.007632247128447095,0.007632247128447095
M2_Elo_Grappling,2011-2014,submission_attempts_per_fight_difference,-0.008808244978502255,0.008808244978502255
M2_Elo_Grappling,2011-2014,reversals_per_fight_difference,-0.0589350569553206,0.0589350569553206
M2_Elo_Grappling,2011-2014,takedowns_per_fight_difference__missing,0.000549372976180087,0.000549372976180087
M2_Elo_Grappling,2011-2014,td_attempted_per_fight_difference__missing,0.000549372976180087,0.000549372976180087
M2_Elo_Grappling,2011-2014,td_pct_difference__missing,-0.05322021761455893,0.05322021761455893
M2_Elo_Grappling,2011-2014,submission_attempts_per_fight_difference__missing,0.000549372976180417,0.000549372976180417
M2_Elo_Grappling,2011-2014,reversals_per_fight_difference__missing,0.000549372976180417,0.000549372976180417
M3_Elo_Dominance,2011-2014,elo_difference,0.4001184140301852,0.4001184140301852
M3_Elo_Dominance,2011-2014,knockdowns_per_fight_difference,0.05107080010463826,0.05107080010463826
M3_Elo_Dominance,2011-2014,control_time_per_fight_difference,0.15878060919135417,0.15878060919135417
M3_Elo_Dominance,2011-2014,knockdowns_per_fight_difference__missing,-0.27630615683022414,0.27630615683022414
M3_Elo_Dominance,2011-2014,control_time_per_fight_difference__missing,0.2722079710286389,0.2722079710286389
M4_Elo_All_Performance,2011-2014,elo_difference,0.37573079552484684,0.37573079552484684
M4_Elo_All_Performance,2011-2014,sig_str_landed_per_fight_difference,0.2450722536260373,0.2450722536260373
M4_Elo_All_Performance,2011-2014,sig_str_attempted_per_fight_difference,0.12199527944790084,0.12199527944790084
M4_Elo_All_Performance,2011-2014,sig_str_pct_difference,0.02699486296590281,0.02699486296590281
M4_Elo_All_Performance,2011-2014,total_str_landed_per_fight_difference,0.13830018883033846,0.13830018883033846
M4_Elo_All_Performance,2011-2014,total_str_attempted_per_fight_difference,-0.35900625213226184,0.35900625213226184
M4_Elo_All_Performance,2011-2014,takedowns_per_fight_difference,0.11615134881646043,0.11615134881646043
M4_Elo_All_Performance,2011-2014,td_attempted_per_fight_difference,0.12637475072667143,0.12637475072667143
M4_Elo_All_Performance,2011-2014,td_pct_difference,-0.005923199091815169,0.005923199091815169
M4_Elo_All_Performance,2011-2014,submission_attempts_per_fight_difference,0.02976975177208204,0.02976975177208204
M4_Elo_All_Performance,2011-2014,reversals_per_fight_difference,-0.06886385703317073,0.06886385703317073
M4_Elo_All_Performance,2011-2014,knockdowns_per_fight_difference,0.040736385939495495,0.040736385939495495
M4_Elo_All_Performance,2011-2014,control_time_per_fight_difference,0.014842003887911246,0.014842003887911246
M4_Elo_All_Performance,2011-2014,sig_str_landed_per_fight_difference__missing,-0.007577369147984429,0.007577369147984429
M4_Elo_All_Performance,2011-2014,sig_str_attempted_per_fight_difference__missing,-0.007577369147984429,0.007577369147984429
M4_Elo_All_Performance,2011-2014,sig_str_pct_difference__missing,-0.17227011680630824,0.17227011680630824
M4_Elo_All_Performance,2011-2014,total_str_landed_per_fight_difference__missing,-0.007577369147984429,0.007577369147984429
M4_Elo_All_Performance,2011-2014,total_str_attempted_per_fight_difference__missing,-0.007577369147984429,0.007577369147984429
M4_Elo_All_Performance,2011-2014,takedowns_per_fight_difference__missing,-0.007577369147984429,0.007577369147984429
M4_Elo_All_Performance,2011-2014,td_attempted_per_fight_difference__missing,-0.007577369147984429,0.007577369147984429
M4_Elo_All_Performance,2011-2014,td_pct_difference__missing,-0.07851862682182251,0.07851862682182251
M4_Elo_All_Performance,2011-2014,submission_attempts_per_fight_difference__missing,-0.007577369147984429,0.007577369147984429
M4_Elo_All_Performance,2011-2014,reversals_per_fight_difference__missing,-0.007577369147984429,0.007577369147984429
M4_Elo_All_Performance,2011-2014,knockdowns_per_fight_difference__missing,-0.007577369147984429,0.007577369147984429
M4_Elo_All_Performance,2011-2014,control_time_per_fight_difference__missing,0.28841859626838956,0.28841859626838956
M5_Performance_Only,2011-2014,sig_str_landed_per_fight_difference,0.2298182838114519,0.2298182838114519
M5_Performance_Only,2011-2014,sig_str_attempted_per_fight_difference,0.2548513202492581,0.2548513202492581
M5_Performance_Only,2011-2014,sig_str_pct_difference,0.05266833114941611,0.05266833114941611
M5_Performance_Only,2011-2014,total_str_landed_per_fight_difference,0.24540603376176992,0.24540603376176992
M5_Performance_Only,2011-2014,total_str_attempted_per_fight_difference,-0.5263345504007713,0.5263345504007713
M5_Performance_Only,2011-2014,takedowns_per_fight_difference,0.095623207922968,0.095623207922968
M5_Performance_Only,2011-2014,td_attempted_per_fight_difference,0.11258593982405686,0.11258593982405686
M5_Performance_Only,2011-2014,td_pct_difference,0.0482700399866539,0.0482700399866539
M5_Performance_Only,2011-2014,submission_attempts_per_fight_difference,0.06878291230838775,0.06878291230838775
M5_Performance_Only,2011-2014,reversals_per_fight_difference,-0.11122240376357967,0.11122240376357967
M5_Performance_Only,2011-2014,knockdowns_per_fight_difference,0.08102791681735017,0.08102791681735017
M5_Performance_Only,2011-2014,control_time_per_fight_difference,0.07499161715821372,0.07499161715821372
M5_Performance_Only,2011-2014,sig_str_landed_per_fight_difference__missing,-0.013875103519980706,0.013875103519980706
M5_Performance_Only,2011-2014,sig_str_attempted_per_fight_difference__missing,-0.013875103519980706,0.013875103519980706
M5_Performance_Only,2011-2014,sig_str_pct_difference__missing,-0.08203367388199627,0.08203367388199627
M5_Performance_Only,2011-2014,total_str_landed_per_fight_difference__missing,-0.013875103519980706,0.013875103519980706
M5_Performance_Only,2011-2014,total_str_attempted_per_fight_difference__missing,-0.013875103519980706,0.013875103519980706
M5_Performance_Only,2011-2014,takedowns_per_fight_difference__missing,-0.013875103519980706,0.013875103519980706
M5_Performance_Only,2011-2014,td_attempted_per_fight_difference__missing,-0.013875103519980706,0.013875103519980706
M5_Performance_Only,2011-2014,td_pct_difference__missing,-0.09649073119760247,0.09649073119760247
M5_Performance_Only,2011-2014,submission_attempts_per_fight_difference__missing,-0.013875103519980706,0.013875103519980706
M5_Performance_Only,2011-2014,reversals_per_fight_difference__missing,-0.013875103519980706,0.013875103519980706
M5_Performance_Only,2011-2014,knockdowns_per_fight_difference__missing,-0.013875103519980706,0.013875103519980706
M5_Performance_Only,2011-2014,control_time_per_fight_difference__missing,0.2660711961340099,0.2660711961340099
M1_Elo_Striking,2014-2017,elo_difference,0.3459029717892673,0.3459029717892673
M1_Elo_Striking,2014-2017,sig_str_landed_per_fight_difference,0.12887514478851905,0.12887514478851905
M1_Elo_Striking,2014-2017,sig_str_attempted_per_fight_difference,0.17117552427845112,0.17117552427845112
M1_Elo_Striking,2014-2017,sig_str_pct_difference,0.036124126046702836,0.036124126046702836
M1_Elo_Striking,2014-2017,total_str_landed_per_fight_difference,0.16110355955861155,0.16110355955861155
M1_Elo_Striking,2014-2017,total_str_attempted_per_fight_difference,-0.31117476148172996,0.31117476148172996
M1_Elo_Striking,2014-2017,sig_str_landed_per_fight_difference__missing,0.03839971464890594,0.03839971464890594
M1_Elo_Striking,2014-2017,sig_str_attempted_per_fight_difference__missing,0.03839971464890594,0.03839971464890594
M1_Elo_Striking,2014-2017,sig_str_pct_difference__missing,-0.17970537951577478,0.17970537951577478
M1_Elo_Striking,2014-2017,total_str_landed_per_fight_difference__missing,0.03839971464890573,0.03839971464890573
M1_Elo_Striking,2014-2017,total_str_attempted_per_fight_difference__missing,0.03839971464890573,0.03839971464890573
M2_Elo_Grappling,2014-2017,elo_difference,0.3452375866958015,0.3452375866958015
M2_Elo_Grappling,2014-2017,takedowns_per_fight_difference,0.17661839948460553,0.17661839948460553
M2_Elo_Grappling,2014-2017,td_attempted_per_fight_difference,0.039999114899973806,0.039999114899973806
M2_Elo_Grappling,2014-2017,td_pct_difference,0.025908454807291495,0.025908454807291495
M2_Elo_Grappling,2014-2017,submission_attempts_per_fight_difference,-0.02457298626340635,0.02457298626340635
M2_Elo_Grappling,2014-2017,reversals_per_fight_difference,-0.08094326605867691,0.08094326605867691
M2_Elo_Grappling,2014-2017,takedowns_per_fight_difference__missing,-0.008651649747798161,0.008651649747798161
M2_Elo_Grappling,2014-2017,td_attempted_per_fight_difference__missing,-0.008651649747798161,0.008651649747798161
M2_Elo_Grappling,2014-2017,td_pct_difference__missing,0.006312122178931493,0.006312122178931493
M2_Elo_Grappling,2014-2017,submission_attempts_per_fight_difference__missing,-0.008651649747798253,0.008651649747798253
M2_Elo_Grappling,2014-2017,reversals_per_fight_difference__missing,-0.008651649747798253,0.008651649747798253
M3_Elo_Dominance,2014-2017,elo_difference,0.3486474194395256,0.3486474194395256
M3_Elo_Dominance,2014-2017,knockdowns_per_fight_difference,0.0628921673423599,0.0628921673423599
M3_Elo_Dominance,2014-2017,control_time_per_fight_difference,0.13517487819358423,0.13517487819358423
M3_Elo_Dominance,2014-2017,knockdowns_per_fight_difference__missing,-0.23345160063059298,0.23345160063059298
M3_Elo_Dominance,2014-2017,control_time_per_fight_difference__missing,0.22419787023399865,0.22419787023399865
M4_Elo_All_Performance,2014-2017,elo_difference,0.31978117234079284,0.31978117234079284
M4_Elo_All_Performance,2014-2017,sig_str_landed_per_fight_difference,0.13047087324245757,0.13047087324245757
M4_Elo_All_Performance,2014-2017,sig_str_attempted_per_fight_difference,0.3133256121351612,0.3133256121351612
M4_Elo_All_Performance,2014-2017,sig_str_pct_difference,0.030319106731049296,0.030319106731049296
M4_Elo_All_Performance,2014-2017,total_str_landed_per_fight_difference,0.15303577652349803,0.15303577652349803
M4_Elo_All_Performance,2014-2017,total_str_attempted_per_fight_difference,-0.47729607636643195,0.47729607636643195
M4_Elo_All_Performance,2014-2017,takedowns_per_fight_difference,0.22505656456163903,0.22505656456163903
M4_Elo_All_Performance,2014-2017,td_attempted_per_fight_difference,0.04795623693746369,0.04795623693746369
M4_Elo_All_Performance,2014-2017,td_pct_difference,0.005490909030191783,0.005490909030191783
M4_Elo_All_Performance,2014-2017,submission_attempts_per_fight_difference,0.011647890992738172,0.011647890992738172
M4_Elo_All_Performance,2014-2017,reversals_per_fight_difference,-0.07216203753900936,0.07216203753900936
M4_Elo_All_Performance,2014-2017,knockdowns_per_fight_difference,0.06305342458295711,0.06305342458295711
M4_Elo_All_Performance,2014-2017,control_time_per_fight_difference,0.001108508511792131,0.001108508511792131
M4_Elo_All_Performance,2014-2017,sig_str_landed_per_fight_difference__missing,-0.003185922447578167,0.003185922447578167
M4_Elo_All_Performance,2014-2017,sig_str_attempted_per_fight_difference__missing,-0.003185922447578167,0.003185922447578167
M4_Elo_All_Performance,2014-2017,sig_str_pct_difference__missing,-0.2159511787416626,0.2159511787416626
M4_Elo_All_Performance,2014-2017,total_str_landed_per_fight_difference__missing,-0.003185922447578167,0.003185922447578167
M4_Elo_All_Performance,2014-2017,total_str_attempted_per_fight_difference__missing,-0.003185922447578167,0.003185922447578167
M4_Elo_All_Performance,2014-2017,takedowns_per_fight_difference__missing,-0.003185922447578167,0.003185922447578167
M4_Elo_All_Performance,2014-2017,td_attempted_per_fight_difference__missing,-0.003185922447578167,0.003185922447578167
M4_Elo_All_Performance,2014-2017,td_pct_difference__missing,-0.007939495950831333,0.007939495950831333
M4_Elo_All_Performance,2014-2017,submission_attempts_per_fight_difference__missing,-0.003185922447578167,0.003185922447578167
M4_Elo_All_Performance,2014-2017,reversals_per_fight_difference__missing,-0.003185922447578167,0.003185922447578167
M4_Elo_All_Performance,2014-2017,knockdowns_per_fight_difference__missing,-0.003185922447578167,0.003185922447578167
M4_Elo_All_Performance,2014-2017,control_time_per_fight_difference__missing,0.23207271342374594,0.23207271342374594
M5_Performance_Only,2014-2017,sig_str_landed_per_fight_difference,0.10443927569237714,0.10443927569237714
M5_Performance_Only,2014-2017,sig_str_attempted_per_fight_difference,0.4509739931852725,0.4509739931852725
M5_Performance_Only,2014-2017,sig_str_pct_difference,0.053517498108870125,0.053517498108870125
M5_Performance_Only,2014-2017,total_str_landed_per_fight_difference,0.22403575162645073,0.22403575162645073
M5_Performance_Only,2014-2017,total_str_attempted_per_fight_difference,-0.6305252444152947,0.6305252444152947
M5_Performance_Only,2014-2017,takedowns_per_fight_difference,0.22245366405897926,0.22245366405897926
M5_Performance_Only,2014-2017,td_attempted_per_fight_difference,0.044046832337581825,0.044046832337581825
M5_Performance_Only,2014-2017,td_pct_difference,0.03762495870289455,0.03762495870289455
M5_Performance_Only,2014-2017,submission_attempts_per_fight_difference,0.051151533006382296,0.051151533006382296
M5_Performance_Only,2014-2017,reversals_per_fight_difference,-0.10558704603954804,0.10558704603954804
M5_Performance_Only,2014-2017,knockdowns_per_fight_difference,0.10707550029779213,0.10707550029779213
M5_Performance_Only,2014-2017,control_time_per_fight_difference,0.05317332269707035,0.05317332269707035
M5_Performance_Only,2014-2017,sig_str_landed_per_fight_difference__missing,-0.0058281202613609485,0.0058281202613609485
M5_Performance_Only,2014-2017,sig_str_attempted_per_fight_difference__missing,-0.0058281202613609485,0.0058281202613609485
M5_Performance_Only,2014-2017,sig_str_pct_difference__missing,-0.1594315987677646,0.1594315987677646
M5_Performance_Only,2014-2017,total_str_landed_per_fight_difference__missing,-0.0058281202613609485,0.0058281202613609485
M5_Performance_Only,2014-2017,total_str_attempted_per_fight_difference__missing,-0.0058281202613609485,0.0058281202613609485
M5_Performance_Only,2014-2017,takedowns_per_fight_difference__missing,-0.0058281202613609485,0.0058281202613609485
M5_Performance_Only,2014-2017,td_attempted_per_fight_difference__missing,-0.0058281202613609485,0.0058281202613609485
M5_Performance_Only,2014-2017,td_pct_difference__missing,-0.027374837542232057,0.027374837542232057
M5_Performance_Only,2014-2017,submission_attempts_per_fight_difference__missing,-0.0058281202613609485,0.0058281202613609485
M5_Performance_Only,2014-2017,reversals_per_fight_difference__missing,-0.0058281202613609485,0.0058281202613609485
M5_Performance_Only,2014-2017,knockdowns_per_fight_difference__missing,-0.0058281202613609485,0.0058281202613609485
M5_Performance_Only,2014-2017,control_time_per_fight_difference__missing,0.20754079797142475,0.20754079797142475
M1_Elo_Striking,2017-2020,elo_difference,0.3516402435826182,0.3516402435826182
M1_Elo_Striking,2017-2020,sig_str_landed_per_fight_difference,0.13532172246553742,0.13532172246553742
M1_Elo_Striking,2017-2020,sig_str_attempted_per_fight_difference,0.19995155834724776,0.19995155834724776
M1_Elo_Striking,2017-2020,sig_str_pct_difference,0.028637355288090163,0.028637355288090163
M1_Elo_Striking,2017-2020,total_str_landed_per_fight_difference,0.09857089361074413,0.09857089361074413
M1_Elo_Striking,2017-2020,total_str_attempted_per_fight_difference,-0.3298648468283375,0.3298648468283375
M1_Elo_Striking,2017-2020,sig_str_landed_per_fight_difference__missing,0.02124758314390859,0.02124758314390859
M1_Elo_Striking,2017-2020,sig_str_attempted_per_fight_difference__missing,0.02124758314390859,0.02124758314390859
M1_Elo_Striking,2017-2020,sig_str_pct_difference__missing,-0.09333744635878778,0.09333744635878778
M1_Elo_Striking,2017-2020,total_str_landed_per_fight_difference__missing,0.021247583143910433,0.021247583143910433
M1_Elo_Striking,2017-2020,total_str_attempted_per_fight_difference__missing,0.021247583143910433,0.021247583143910433
M2_Elo_Grappling,2017-2020,elo_difference,0.3485794241498242,0.3485794241498242
M2_Elo_Grappling,2017-2020,takedowns_per_fight_difference,0.113848363617467,0.113848363617467
M2_Elo_Grappling,2017-2020,td_attempted_per_fight_difference,0.019166728351821278,0.019166728351821278
M2_Elo_Grappling,2017-2020,td_pct_difference,0.009456738065413792,0.009456738065413792
M2_Elo_Grappling,2017-2020,submission_attempts_per_fight_difference,-0.0170788412916057,0.0170788412916057
M2_Elo_Grappling,2017-2020,reversals_per_fight_difference,-0.0571631654091866,0.0571631654091866
M2_Elo_Grappling,2017-2020,takedowns_per_fight_difference__missing,-0.004507983831747524,0.004507983831747524
M2_Elo_Grappling,2017-2020,td_attempted_per_fight_difference__missing,-0.004507983831747524,0.004507983831747524
M2_Elo_Grappling,2017-2020,td_pct_difference__missing,0.013123341253730504,0.013123341253730504
M2_Elo_Grappling,2017-2020,submission_attempts_per_fight_difference__missing,-0.00450798383174648,0.00450798383174648
M2_Elo_Grappling,2017-2020,reversals_per_fight_difference__missing,-0.00450798383174648,0.00450798383174648
M3_Elo_Dominance,2017-2020,elo_difference,0.3570421077920996,0.3570421077920996
M3_Elo_Dominance,2017-2020,knockdowns_per_fight_difference,0.04306438142075078,0.04306438142075078
M3_Elo_Dominance,2017-2020,control_time_per_fight_difference,0.050836675264730936,0.050836675264730936
M3_Elo_Dominance,2017-2020,knockdowns_per_fight_difference__missing,-0.23570888279907481,0.23570888279907481
M3_Elo_Dominance,2017-2020,control_time_per_fight_difference__missing,0.24086762745055768,0.24086762745055768
M4_Elo_All_Performance,2017-2020,elo_difference,0.33308078078185854,0.33308078078185854
M4_Elo_All_Performance,2017-2020,sig_str_landed_per_fight_difference,0.11228513679135109,0.11228513679135109
M4_Elo_All_Performance,2017-2020,sig_str_attempted_per_fight_difference,0.34974747965106995,0.34974747965106995
M4_Elo_All_Performance,2017-2020,sig_str_pct_difference,0.026481633883507067,0.026481633883507067
M4_Elo_All_Performance,2017-2020,total_str_landed_per_fight_difference,0.14009817326257307,0.14009817326257307
M4_Elo_All_Performance,2017-2020,total_str_attempted_per_fight_difference,-0.5081408652655354,0.5081408652655354
M4_Elo_All_Performance,2017-2020,takedowns_per_fight_difference,0.1857851737186219,0.1857851737186219
M4_Elo_All_Performance,2017-2020,td_attempted_per_fight_difference,0.026682854498096258,0.026682854498096258
M4_Elo_All_Performance,2017-2020,td_pct_difference,-0.006778270457913347,0.006778270457913347
M4_Elo_All_Performance,2017-2020,submission_attempts_per_fight_difference,0.01263653910062037,0.01263653910062037
M4_Elo_All_Performance,2017-2020,reversals_per_fight_difference,-0.03533188282942658,0.03533188282942658
M4_Elo_All_Performance,2017-2020,knockdowns_per_fight_difference,0.0400417198653397,0.0400417198653397
M4_Elo_All_Performance,2017-2020,control_time_per_fight_difference,-0.03234456571085013,0.03234456571085013
M4_Elo_All_Performance,2017-2020,sig_str_landed_per_fight_difference__missing,-0.010473349115988042,0.010473349115988042
M4_Elo_All_Performance,2017-2020,sig_str_attempted_per_fight_difference__missing,-0.010473349115988042,0.010473349115988042
M4_Elo_All_Performance,2017-2020,sig_str_pct_difference__missing,-0.15768677269715267,0.15768677269715267
M4_Elo_All_Performance,2017-2020,total_str_landed_per_fight_difference__missing,-0.010473349115988042,0.010473349115988042
M4_Elo_All_Performance,2017-2020,total_str_attempted_per_fight_difference__missing,-0.010473349115988042,0.010473349115988042
M4_Elo_All_Performance,2017-2020,takedowns_per_fight_difference__missing,-0.010473349115988042,0.010473349115988042
M4_Elo_All_Performance,2017-2020,td_attempted_per_fight_difference__missing,-0.010473349115988042,0.010473349115988042
M4_Elo_All_Performance,2017-2020,td_pct_difference__missing,0.009246855678606761,0.009246855678606761
M4_Elo_All_Performance,2017-2020,submission_attempts_per_fight_difference__missing,-0.010473349115988042,0.010473349115988042
M4_Elo_All_Performance,2017-2020,reversals_per_fight_difference__missing,-0.010473349115988042,0.010473349115988042
M4_Elo_All_Performance,2017-2020,knockdowns_per_fight_difference__missing,-0.010473349115988042,0.010473349115988042
M4_Elo_All_Performance,2017-2020,control_time_per_fight_difference__missing,0.2414097319567261,0.2414097319567261
M5_Performance_Only,2017-2020,sig_str_landed_per_fight_difference,0.1080994332988258,0.1080994332988258
M5_Performance_Only,2017-2020,sig_str_attempted_per_fight_difference,0.4183016266966347,0.4183016266966347
M5_Performance_Only,2017-2020,sig_str_pct_difference,0.051614156572753214,0.051614156572753214
M5_Performance_Only,2017-2020,total_str_landed_per_fight_difference,0.12852036296476196,0.12852036296476196
M5_Performance_Only,2017-2020,total_str_attempted_per_fight_difference,-0.535928483572644,0.535928483572644
M5_Performance_Only,2017-2020,takedowns_per_fight_difference,0.1923564592802138,0.1923564592802138
M5_Performance_Only,2017-2020,td_attempted_per_fight_difference,0.02251476582126397,0.02251476582126397
M5_Performance_Only,2017-2020,td_pct_difference,0.026761716346026736,0.026761716346026736
M5_Performance_Only,2017-2020,submission_attempts_per_fight_difference,0.04959005214684276,0.04959005214684276
M5_Performance_Only,2017-2020,reversals_per_fight_difference,-0.06584871221978343,0.06584871221978343
M5_Performance_Only,2017-2020,knockdowns_per_fight_difference,0.08522476684127295,0.08522476684127295
M5_Performance_Only,2017-2020,control_time_per_fight_difference,0.017906596264833995,0.017906596264833995
M5_Performance_Only,2017-2020,sig_str_landed_per_fight_difference__missing,-0.013958056413462103,0.013958056413462103
M5_Performance_Only,2017-2020,sig_str_attempted_per_fight_difference__missing,-0.013958056413462103,0.013958056413462103
M5_Performance_Only,2017-2020,sig_str_pct_difference__missing,-0.09279490263523987,0.09279490263523987
M5_Performance_Only,2017-2020,total_str_landed_per_fight_difference__missing,-0.013958056413462103,0.013958056413462103
M5_Performance_Only,2017-2020,total_str_attempted_per_fight_difference__missing,-0.013958056413462103,0.013958056413462103
M5_Performance_Only,2017-2020,takedowns_per_fight_difference__missing,-0.013958056413462103,0.013958056413462103
M5_Performance_Only,2017-2020,td_attempted_per_fight_difference__missing,-0.013958056413462103,0.013958056413462103
M5_Performance_Only,2017-2020,td_pct_difference__missing,-0.00758550962671676,0.00758550962671676
M5_Performance_Only,2017-2020,submission_attempts_per_fight_difference__missing,-0.013958056413462103,0.013958056413462103
M5_Performance_Only,2017-2020,reversals_per_fight_difference__missing,-0.013958056413462103,0.013958056413462103
M5_Performance_Only,2017-2020,knockdowns_per_fight_difference__missing,-0.013958056413462103,0.013958056413462103
M5_Performance_Only,2017-2020,control_time_per_fight_difference__missing,0.21281113537187743,0.21281113537187743
M1_Elo_Striking,2020-2023,elo_difference,0.30770485527912494,0.30770485527912494
M1_Elo_Striking,2020-2023,sig_str_landed_per_fight_difference,0.20245996568826308,0.20245996568826308
M1_Elo_Striking,2020-2023,sig_str_attempted_per_fight_difference,0.0023892837820633046,0.0023892837820633046
M1_Elo_Striking,2020-2023,sig_str_pct_difference,0.04098083281467689,0.04098083281467689
M1_Elo_Striking,2020-2023,total_str_landed_per_fight_difference,-0.01729816224805746,0.01729816224805746
M1_Elo_Striking,2020-2023,total_str_attempted_per_fight_difference,-0.10853825990824498,0.10853825990824498
M1_Elo_Striking,2020-2023,sig_str_landed_per_fight_difference__missing,0.005885430373467769,0.005885430373467769
M1_Elo_Striking,2020-2023,sig_str_attempted_per_fight_difference__missing,0.005885430373467769,0.005885430373467769
M1_Elo_Striking,2020-2023,sig_str_pct_difference__missing,0.0026755559730211867,0.0026755559730211867
M1_Elo_Striking,2020-2023,total_str_landed_per_fight_difference__missing,0.005885430373468205,0.005885430373468205
M1_Elo_Striking,2020-2023,total_str_attempted_per_fight_difference__missing,0.005885430373468205,0.005885430373468205
M2_Elo_Grappling,2020-2023,elo_difference,0.3034487537598449,0.3034487537598449
M2_Elo_Grappling,2020-2023,takedowns_per_fight_difference,0.12158917935343357,0.12158917935343357
M2_Elo_Grappling,2020-2023,td_attempted_per_fight_difference,0.034241765343180644,0.034241765343180644
M2_Elo_Grappling,2020-2023,td_pct_difference,-0.003806640039897152,0.003806640039897152
M2_Elo_Grappling,2020-2023,submission_attempts_per_fight_difference,-0.013136054664207844,0.013136054664207844
M2_Elo_Grappling,2020-2023,reversals_per_fight_difference,-0.045640781802708495,0.045640781802708495
M2_Elo_Grappling,2020-2023,takedowns_per_fight_difference__missing,0.0030930171539079263,0.0030930171539079263
M2_Elo_Grappling,2020-2023,td_attempted_per_fight_difference__missing,0.0030930171539079263,0.0030930171539079263
M2_Elo_Grappling,2020-2023,td_pct_difference__missing,0.014662248729113292,0.014662248729113292
M2_Elo_Grappling,2020-2023,submission_attempts_per_fight_difference__missing,0.0030930171539073213,0.0030930171539073213
M2_Elo_Grappling,2020-2023,reversals_per_fight_difference__missing,0.0030930171539073213,0.0030930171539073213
M3_Elo_Dominance,2020-2023,elo_difference,0.3075703807274611,0.3075703807274611
M3_Elo_Dominance,2020-2023,knockdowns_per_fight_difference,0.034649571611463766,0.034649571611463766
M3_Elo_Dominance,2020-2023,control_time_per_fight_difference,0.08312648844074245,0.08312648844074245
M3_Elo_Dominance,2020-2023,knockdowns_per_fight_difference__missing,-0.20305836028264931,0.20305836028264931
M3_Elo_Dominance,2020-2023,control_time_per_fight_difference__missing,0.23760796928206426,0.23760796928206426
M4_Elo_All_Performance,2020-2023,elo_difference,0.2872852120292643,0.2872852120292643
M4_Elo_All_Performance,2020-2023,sig_str_landed_per_fight_difference,0.08597848147661878,0.08597848147661878
M4_Elo_All_Performance,2020-2023,sig_str_attempted_per_fight_difference,0.4107678450950934,0.4107678450950934
M4_Elo_All_Performance,2020-2023,sig_str_pct_difference,0.04133741874180878,0.04133741874180878
M4_Elo_All_Performance,2020-2023,total_str_landed_per_fight_difference,0.16146521348625137,0.16146521348625137
M4_Elo_All_Performance,2020-2023,total_str_attempted_per_fight_difference,-0.5729874891444727,0.5729874891444727
M4_Elo_All_Performance,2020-2023,takedowns_per_fight_difference,0.1688519430462423,0.1688519430462423
M4_Elo_All_Performance,2020-2023,td_attempted_per_fight_difference,0.04607391638095211,0.04607391638095211
M4_Elo_All_Performance,2020-2023,td_pct_difference,-0.018304006608894502,0.018304006608894502
M4_Elo_All_Performance,2020-2023,submission_attempts_per_fight_difference,0.01371547093710796,0.01371547093710796
M4_Elo_All_Performance,2020-2023,reversals_per_fight_difference,-0.030798708502892073,0.030798708502892073
M4_Elo_All_Performance,2020-2023,knockdowns_per_fight_difference,0.033261005352053626,0.033261005352053626
M4_Elo_All_Performance,2020-2023,control_time_per_fight_difference,0.0022760635417512433,0.0022760635417512433
M4_Elo_All_Performance,2020-2023,sig_str_landed_per_fight_difference__missing,-0.016815015538610197,0.016815015538610197
M4_Elo_All_Performance,2020-2023,sig_str_attempted_per_fight_difference__missing,-0.016815015538610197,0.016815015538610197
M4_Elo_All_Performance,2020-2023,sig_str_pct_difference__missing,-0.06397801371810785,0.06397801371810785
M4_Elo_All_Performance,2020-2023,total_str_landed_per_fight_difference__missing,-0.016815015538610197,0.016815015538610197
M4_Elo_All_Performance,2020-2023,total_str_attempted_per_fight_difference__missing,-0.016815015538610197,0.016815015538610197
M4_Elo_All_Performance,2020-2023,takedowns_per_fight_difference__missing,-0.016815015538610197,0.016815015538610197
M4_Elo_All_Performance,2020-2023,td_attempted_per_fight_difference__missing,-0.016815015538610197,0.016815015538610197
M4_Elo_All_Performance,2020-2023,td_pct_difference__missing,0.013028778395006472,0.013028778395006472
M4_Elo_All_Performance,2020-2023,submission_attempts_per_fight_difference__missing,-0.016815015538610197,0.016815015538610197
M4_Elo_All_Performance,2020-2023,reversals_per_fight_difference__missing,-0.016815015538610197,0.016815015538610197
M4_Elo_All_Performance,2020-2023,knockdowns_per_fight_difference__missing,-0.016815015538610197,0.016815015538610197
M4_Elo_All_Performance,2020-2023,control_time_per_fight_difference__missing,0.22885056067562862,0.22885056067562862
M5_Performance_Only,2020-2023,sig_str_landed_per_fight_difference,0.08057864133913026,0.08057864133913026
M5_Performance_Only,2020-2023,sig_str_attempted_per_fight_difference,0.47185231444066644,0.47185231444066644
M5_Performance_Only,2020-2023,sig_str_pct_difference,0.06258525377718668,0.06258525377718668
M5_Performance_Only,2020-2023,total_str_landed_per_fight_difference,0.15373264629322012,0.15373264629322012
M5_Performance_Only,2020-2023,total_str_attempted_per_fight_difference,-0.6049638695369352,0.6049638695369352
M5_Performance_Only,2020-2023,takedowns_per_fight_difference,0.1734022901454817,0.1734022901454817
M5_Performance_Only,2020-2023,td_attempted_per_fight_difference,0.04937935139614365,0.04937935139614365
M5_Performance_Only,2020-2023,td_pct_difference,0.009926521436153288,0.009926521436153288
M5_Performance_Only,2020-2023,submission_attempts_per_fight_difference,0.04725063406768567,0.04725063406768567
M5_Performance_Only,2020-2023,reversals_per_fight_difference,-0.052794198860472374,0.052794198860472374
M5_Performance_Only,2020-2023,knockdowns_per_fight_difference,0.07257021387282961,0.07257021387282961
M5_Performance_Only,2020-2023,control_time_per_fight_difference,0.04665218978943235,0.04665218978943235
M5_Performance_Only,2020-2023,sig_str_landed_per_fight_difference__missing,-0.016661292393151308,0.016661292393151308
M5_Performance_Only,2020-2023,sig_str_attempted_per_fight_difference__missing,-0.016661292393151308,0.016661292393151308
M5_Performance_Only,2020-2023,sig_str_pct_difference__missing,-0.04150607692495706,0.04150607692495706
M5_Performance_Only,2020-2023,total_str_landed_per_fight_difference__missing,-0.016661292393151308,0.016661292393151308
M5_Performance_Only,2020-2023,total_str_attempted_per_fight_difference__missing,-0.016661292393151308,0.016661292393151308
M5_Performance_Only,2020-2023,takedowns_per_fight_difference__missing,-0.016661292393151308,0.016661292393151308
M5_Performance_Only,2020-2023,td_attempted_per_fight_difference__missing,-0.016661292393151308,0.016661292393151308
M5_Performance_Only,2020-2023,td_pct_difference__missing,-0.00023891903434561628,0.00023891903434561628
M5_Performance_Only,2020-2023,submission_attempts_per_fight_difference__missing,-0.016661292393151308,0.016661292393151308
M5_Performance_Only,2020-2023,reversals_per_fight_difference__missing,-0.016661292393151308,0.016661292393151308
M5_Performance_Only,2020-2023,knockdowns_per_fight_difference__missing,-0.016661292393151308,0.016661292393151308
M5_Performance_Only,2020-2023,control_time_per_fight_difference__missing,0.2045623618555097,0.2045623618555097
M1_Elo_Striking,2023-2026,elo_difference,0.3057165619351303,0.3057165619351303
M1_Elo_Striking,2023-2026,sig_str_landed_per_fight_difference,0.3115697515114139,0.3115697515114139
M1_Elo_Striking,2023-2026,sig_str_attempted_per_fight_difference,-0.3181214524545892,0.3181214524545892
M1_Elo_Striking,2023-2026,sig_str_pct_difference,0.040889682047074355,0.040889682047074355
M1_Elo_Striking,2023-2026,total_str_landed_per_fight_difference,-0.1776434714643133,0.1776434714643133
M1_Elo_Striking,2023-2026,total_str_attempted_per_fight_difference,0.24564569994616947,0.24564569994616947
M1_Elo_Striking,2023-2026,sig_str_landed_per_fight_difference__missing,-0.003677638235194902,0.003677638235194902
M1_Elo_Striking,2023-2026,sig_str_attempted_per_fight_difference__missing,-0.003677638235194902,0.003677638235194902
M1_Elo_Striking,2023-2026,sig_str_pct_difference__missing,0.036905325465968114,0.036905325465968114
M1_Elo_Striking,2023-2026,total_str_landed_per_fight_difference__missing,-0.0036776382351911647,0.0036776382351911647
M1_Elo_Striking,2023-2026,total_str_attempted_per_fight_difference__missing,-0.0036776382351911647,0.0036776382351911647
M2_Elo_Grappling,2023-2026,elo_difference,0.3016197917114532,0.3016197917114532
M2_Elo_Grappling,2023-2026,takedowns_per_fight_difference,0.1128294136381217,0.1128294136381217
M2_Elo_Grappling,2023-2026,td_attempted_per_fight_difference,0.06093448836881306,0.06093448836881306
M2_Elo_Grappling,2023-2026,td_pct_difference,-0.0007463205773508379,0.0007463205773508379
M2_Elo_Grappling,2023-2026,submission_attempts_per_fight_difference,0.005618702024680916,0.005618702024680916
M2_Elo_Grappling,2023-2026,reversals_per_fight_difference,-0.05105553652858491,0.05105553652858491
M2_Elo_Grappling,2023-2026,takedowns_per_fight_difference__missing,-0.0012621069228384715,0.0012621069228384715
M2_Elo_Grappling,2023-2026,td_attempted_per_fight_difference__missing,-0.0012621069228384715,0.0012621069228384715
M2_Elo_Grappling,2023-2026,td_pct_difference__missing,0.02883064986635521,0.02883064986635521
M2_Elo_Grappling,2023-2026,submission_attempts_per_fight_difference__missing,-0.001262106922839643,0.001262106922839643
M2_Elo_Grappling,2023-2026,reversals_per_fight_difference__missing,-0.001262106922839643,0.001262106922839643
M3_Elo_Dominance,2023-2026,elo_difference,0.30123469523535756,0.30123469523535756
M3_Elo_Dominance,2023-2026,knockdowns_per_fight_difference,0.043258470995042805,0.043258470995042805
M3_Elo_Dominance,2023-2026,control_time_per_fight_difference,0.1175079532711187,0.1175079532711187
M3_Elo_Dominance,2023-2026,knockdowns_per_fight_difference__missing,-0.20242208745032916,0.20242208745032916
M3_Elo_Dominance,2023-2026,control_time_per_fight_difference__missing,0.22796711363853991,0.22796711363853991
M4_Elo_All_Performance,2023-2026,elo_difference,0.28181175471463726,0.28181175471463726
M4_Elo_All_Performance,2023-2026,sig_str_landed_per_fight_difference,0.23383248220478114,0.23383248220478114
M4_Elo_All_Performance,2023-2026,sig_str_attempted_per_fight_difference,0.00889131723961599,0.00889131723961599
M4_Elo_All_Performance,2023-2026,sig_str_pct_difference,0.03715132892733807,0.03715132892733807
M4_Elo_All_Performance,2023-2026,total_str_landed_per_fight_difference,-0.054096442677429794,0.054096442677429794
M4_Elo_All_Performance,2023-2026,total_str_attempted_per_fight_difference,-0.12995972573101439,0.12995972573101439
M4_Elo_All_Performance,2023-2026,takedowns_per_fight_difference,0.12286592891447431,0.12286592891447431
M4_Elo_All_Performance,2023-2026,td_attempted_per_fight_difference,0.07892398538235955,0.07892398538235955
M4_Elo_All_Performance,2023-2026,td_pct_difference,-0.010803129372631169,0.010803129372631169
M4_Elo_All_Performance,2023-2026,submission_attempts_per_fight_difference,0.028022775085407084,0.028022775085407084
M4_Elo_All_Performance,2023-2026,reversals_per_fight_difference,-0.04572266504084327,0.04572266504084327
M4_Elo_All_Performance,2023-2026,knockdowns_per_fight_difference,0.047395931836053624,0.047395931836053624
M4_Elo_All_Performance,2023-2026,control_time_per_fight_difference,0.019053679771732536,0.019053679771732536
M4_Elo_All_Performance,2023-2026,sig_str_landed_per_fight_difference__missing,-0.022187180685465924,0.022187180685465924
M4_Elo_All_Performance,2023-2026,sig_str_attempted_per_fight_difference__missing,-0.022187180685465924,0.022187180685465924
M4_Elo_All_Performance,2023-2026,sig_str_pct_difference__missing,-0.01601668354306313,0.01601668354306313
M4_Elo_All_Performance,2023-2026,total_str_landed_per_fight_difference__missing,-0.022187180685465924,0.022187180685465924
M4_Elo_All_Performance,2023-2026,total_str_attempted_per_fight_difference__missing,-0.022187180685465924,0.022187180685465924
M4_Elo_All_Performance,2023-2026,takedowns_per_fight_difference__missing,-0.022187180685465924,0.022187180685465924
M4_Elo_All_Performance,2023-2026,td_attempted_per_fight_difference__missing,-0.022187180685465924,0.022187180685465924
M4_Elo_All_Performance,2023-2026,td_pct_difference__missing,0.02412606939656493,0.02412606939656493
M4_Elo_All_Performance,2023-2026,submission_attempts_per_fight_difference__missing,-0.022187180685465924,0.022187180685465924
M4_Elo_All_Performance,2023-2026,reversals_per_fight_difference__missing,-0.022187180685465924,0.022187180685465924
M4_Elo_All_Performance,2023-2026,knockdowns_per_fight_difference__missing,-0.022187180685465924,0.022187180685465924
M4_Elo_All_Performance,2023-2026,control_time_per_fight_difference__missing,0.2198184068988839,0.2198184068988839
M5_Performance_Only,2023-2026,sig_str_landed_per_fight_difference,0.25792148346250265,0.25792148346250265
M5_Performance_Only,2023-2026,sig_str_attempted_per_fight_difference,0.03144470879646548,0.03144470879646548
M5_Performance_Only,2023-2026,sig_str_pct_difference,0.053481098563636656,0.053481098563636656
M5_Performance_Only,2023-2026,total_str_landed_per_fight_difference,-0.0772726217286642,0.0772726217286642
M5_Performance_Only,2023-2026,total_str_attempted_per_fight_difference,-0.1375196150749481,0.1375196150749481
M5_Performance_Only,2023-2026,takedowns_per_fight_difference,0.13301324150655564,0.13301324150655564
M5_Performance_Only,2023-2026,td_attempted_per_fight_difference,0.07576708003354275,0.07576708003354275
M5_Performance_Only,2023-2026,td_pct_difference,0.012651942063610377,0.012651942063610377
M5_Performance_Only,2023-2026,submission_attempts_per_fight_difference,0.06023976052792787,0.06023976052792787
M5_Performance_Only,2023-2026,reversals_per_fight_difference,-0.06377248614817604,0.06377248614817604
M5_Performance_Only,2023-2026,knockdowns_per_fight_difference,0.08593580847477465,0.08593580847477465
M5_Performance_Only,2023-2026,control_time_per_fight_difference,0.06304324218677348,0.06304324218677348
M5_Performance_Only,2023-2026,sig_str_landed_per_fight_difference__missing,-0.02049080810606179,0.02049080810606179
M5_Performance_Only,2023-2026,sig_str_attempted_per_fight_difference__missing,-0.02049080810606179,0.02049080810606179
M5_Performance_Only,2023-2026,sig_str_pct_difference__missing,-0.00020268241608115508,0.00020268241608115508
M5_Performance_Only,2023-2026,total_str_landed_per_fight_difference__missing,-0.02049080810606179,0.02049080810606179
M5_Performance_Only,2023-2026,total_str_attempted_per_fight_difference__missing,-0.02049080810606179,0.02049080810606179
M5_Performance_Only,2023-2026,takedowns_per_fight_difference__missing,-0.02049080810606179,0.02049080810606179
M5_Performance_Only,2023-2026,td_attempted_per_fight_difference__missing,-0.02049080810606179,0.02049080810606179
M5_Performance_Only,2023-2026,td_pct_difference__missing,0.010704977374847501,0.010704977374847501
M5_Performance_Only,2023-2026,submission_attempts_per_fight_difference__missing,-0.02049080810606179,0.02049080810606179
M5_Performance_Only,2023-2026,reversals_per_fight_difference__missing,-0.02049080810606179,0.02049080810606179
M5_Performance_Only,2023-2026,knockdowns_per_fight_difference__missing,-0.02049080810606179,0.02049080810606179
M5_Performance_Only,2023-2026,control_time_per_fight_difference__missing,0.19001254882721388,0.19001254882721388
M1_Elo_Striking,2026-2029,elo_difference,0.3092076986560955,0.3092076986560955
M1_Elo_Striking,2026-2029,sig_str_landed_per_fight_difference,0.3539002262056026,0.3539002262056026
M1_Elo_Striking,2026-2029,sig_str_attempted_per_fight_difference,-0.4850336736289264,0.4850336736289264
M1_Elo_Striking,2026-2029,sig_str_pct_difference,0.05688723388940268,0.05688723388940268
M1_Elo_Striking,2026-2029,total_str_landed_per_fight_difference,-0.2608750683752955,0.2608750683752955
M1_Elo_Striking,2026-2029,total_str_attempted_per_fight_difference,0.41859550441944304,0.41859550441944304
M1_Elo_Striking,2026-2029,sig_str_landed_per_fight_difference__missing,-0.027731724696262658,0.027731724696262658
M1_Elo_Striking,2026-2029,sig_str_attempted_per_fight_difference__missing,-0.027731724696262658,0.027731724696262658
M1_Elo_Striking,2026-2029,sig_str_pct_difference__missing,0.10737522841931788,0.10737522841931788
M1_Elo_Striking,2026-2029,total_str_landed_per_fight_difference__missing,-0.027731724696276387,0.027731724696276387
M1_Elo_Striking,2026-2029,total_str_attempted_per_fight_difference__missing,-0.027731724696276387,0.027731724696276387
M2_Elo_Grappling,2026-2029,elo_difference,0.303648146680249,0.303648146680249
M2_Elo_Grappling,2026-2029,takedowns_per_fight_difference,0.1138838486776365,0.1138838486776365
M2_Elo_Grappling,2026-2029,td_attempted_per_fight_difference,0.0550963360784113,0.0550963360784113
M2_Elo_Grappling,2026-2029,td_pct_difference,0.01541357220168161,0.01541357220168161
M2_Elo_Grappling,2026-2029,submission_attempts_per_fight_difference,0.01678630580278366,0.01678630580278366
M2_Elo_Grappling,2026-2029,reversals_per_fight_difference,-0.025771742774691565,0.025771742774691565
M2_Elo_Grappling,2026-2029,takedowns_per_fight_difference__missing,-0.004043881961519785,0.004043881961519785
M2_Elo_Grappling,2026-2029,td_attempted_per_fight_difference__missing,-0.004043881961519785,0.004043881961519785
M2_Elo_Grappling,2026-2029,td_pct_difference__missing,0.010690586791468334,0.010690586791468334
M2_Elo_Grappling,2026-2029,submission_attempts_per_fight_difference__missing,-0.004043881961519553,0.004043881961519553
M2_Elo_Grappling,2026-2029,reversals_per_fight_difference__missing,-0.004043881961519553,0.004043881961519553
M3_Elo_Dominance,2026-2029,elo_difference,0.30272021785272973,0.30272021785272973
M3_Elo_Dominance,2026-2029,knockdowns_per_fight_difference,0.050205943322420954,0.050205943322420954
M3_Elo_Dominance,2026-2029,control_time_per_fight_difference,0.12542035087644526,0.12542035087644526
M3_Elo_Dominance,2026-2029,knockdowns_per_fight_difference__missing,-0.22281920883591264,0.22281920883591264
M3_Elo_Dominance,2026-2029,control_time_per_fight_difference__missing,0.22312956140210216,0.22312956140210216
M4_Elo_All_Performance,2026-2029,elo_difference,0.2835781188284686,0.2835781188284686
M4_Elo_All_Performance,2026-2029,sig_str_landed_per_fight_difference,0.21167911545477508,0.21167911545477508
M4_Elo_All_Performance,2026-2029,sig_str_attempted_per_fight_difference,-0.01608433285251498,0.01608433285251498
M4_Elo_All_Performance,2026-2029,sig_str_pct_difference,0.05108737251968529,0.05108737251968529
M4_Elo_All_Performance,2026-2029,total_str_landed_per_fight_difference,-0.0382738069258277,0.0382738069258277
M4_Elo_All_Performance,2026-2029,total_str_attempted_per_fight_difference,-0.11233494847870262,0.11233494847870262
M4_Elo_All_Performance,2026-2029,takedowns_per_fight_difference,0.12064599687067487,0.12064599687067487
M4_Elo_All_Performance,2026-2029,td_attempted_per_fight_difference,0.0851180435818244,0.0851180435818244
M4_Elo_All_Performance,2026-2029,td_pct_difference,0.008447508610699584,0.008447508610699584
M4_Elo_All_Performance,2026-2029,submission_attempts_per_fight_difference,0.036860245710710546,0.036860245710710546
M4_Elo_All_Performance,2026-2029,reversals_per_fight_difference,-0.02053363725880091,0.02053363725880091
M4_Elo_All_Performance,2026-2029,knockdowns_per_fight_difference,0.05810869623703636,0.05810869623703636
M4_Elo_All_Performance,2026-2029,control_time_per_fight_difference,0.0060883270650633845,0.0060883270650633845
M4_Elo_All_Performance,2026-2029,sig_str_landed_per_fight_difference__missing,-0.02713720493217803,0.02713720493217803
M4_Elo_All_Performance,2026-2029,sig_str_attempted_per_fight_difference__missing,-0.02713720493217803,0.02713720493217803
M4_Elo_All_Performance,2026-2029,sig_str_pct_difference__missing,0.010844733040042485,0.010844733040042485
M4_Elo_All_Performance,2026-2029,total_str_landed_per_fight_difference__missing,-0.02713720493217803,0.02713720493217803
M4_Elo_All_Performance,2026-2029,total_str_attempted_per_fight_difference__missing,-0.02713720493217803,0.02713720493217803
M4_Elo_All_Performance,2026-2029,takedowns_per_fight_difference__missing,-0.02713720493217803,0.02713720493217803
M4_Elo_All_Performance,2026-2029,td_attempted_per_fight_difference__missing,-0.02713720493217803,0.02713720493217803
M4_Elo_All_Performance,2026-2029,td_pct_difference__missing,0.005257525355127119,0.005257525355127119
M4_Elo_All_Performance,2026-2029,submission_attempts_per_fight_difference__missing,-0.02713720493217803,0.02713720493217803
M4_Elo_All_Performance,2026-2029,reversals_per_fight_difference__missing,-0.02713720493217803,0.02713720493217803
M4_Elo_All_Performance,2026-2029,knockdowns_per_fight_difference__missing,-0.02713720493217803,0.02713720493217803
M4_Elo_All_Performance,2026-2029,control_time_per_fight_difference__missing,0.225619811698306,0.225619811698306
M5_Performance_Only,2026-2029,sig_str_landed_per_fight_difference,0.25483616492631633,0.25483616492631633
M5_Performance_Only,2026-2029,sig_str_attempted_per_fight_difference,-0.013505076898927791,0.013505076898927791
M5_Performance_Only,2026-2029,sig_str_pct_difference,0.062262509823047006,0.062262509823047006
M5_Performance_Only,2026-2029,total_str_landed_per_fight_difference,-0.06799928981569123,0.06799928981569123
M5_Performance_Only,2026-2029,total_str_attempted_per_fight_difference,-0.11112493878203766,0.11112493878203766
M5_Performance_Only,2026-2029,takedowns_per_fight_difference,0.13291873281061153,0.13291873281061153
M5_Performance_Only,2026-2029,td_attempted_per_fight_difference,0.07695610454507561,0.07695610454507561
M5_Performance_Only,2026-2029,td_pct_difference,0.030316977842681652,0.030316977842681652
M5_Performance_Only,2026-2029,submission_attempts_per_fight_difference,0.06806448115157294,0.06806448115157294
M5_Performance_Only,2026-2029,reversals_per_fight_difference,-0.03551933658620938,0.03551933658620938
M5_Performance_Only,2026-2029,knockdowns_per_fight_difference,0.09668563326696474,0.09668563326696474
M5_Performance_Only,2026-2029,control_time_per_fight_difference,0.055277547039681324,0.055277547039681324
M5_Performance_Only,2026-2029,sig_str_landed_per_fight_difference__missing,-0.03412528857173202,0.03412528857173202
M5_Performance_Only,2026-2029,sig_str_attempted_per_fight_difference__missing,-0.03412528857173202,0.03412528857173202
M5_Performance_Only,2026-2029,sig_str_pct_difference__missing,0.09624853839443766,0.09624853839443766
M5_Performance_Only,2026-2029,total_str_landed_per_fight_difference__missing,-0.03412528857173202,0.03412528857173202
M5_Performance_Only,2026-2029,total_str_attempted_per_fight_difference__missing,-0.03412528857173202,0.03412528857173202
M5_Performance_Only,2026-2029,takedowns_per_fight_difference__missing,-0.03412528857173202,0.03412528857173202
M5_Performance_Only,2026-2029,td_attempted_per_fight_difference__missing,-0.03412528857173202,0.03412528857173202
M5_Performance_Only,2026-2029,td_pct_difference__missing,-0.003175280902480126,0.003175280902480126
M5_Performance_Only,2026-2029,submission_attempts_per_fight_difference__missing,-0.03412528857173202,0.03412528857173202
M5_Performance_Only,2026-2029,reversals_per_fight_difference__missing,-0.03412528857173202,0.03412528857173202
M5_Performance_Only,2026-2029,knockdowns_per_fight_difference__missing,-0.03412528857173202,0.03412528857173202
M5_Performance_Only,2026-2029,control_time_per_fight_difference__missing,0.20301507858136833,0.20301507858136833
